carro,estado,x,y,calle,interseccion
11,4,-33.0645399,-71.3627146,a,b
12,4,-33.0575436,-71.3464492,a,b
13,1,-33.0624463,-71.3845345,a,b
14,4,-33.0633382,-71.3588591,a,b
21,0,-33.0438012,-71.380718,a,b
22,0,-33.0645399,-71.3627146,a,b
31,0,-33.0438012,-71.380718,a,b
32,0,-33.0514944,-71.3399014,a,b
33,0,-33.0592582,-71.3948601,a,b
41,1,-33.0624463,-71.3845345,a,b
42,4,-33.0438012,-71.380718,a,b
43,4,-33.0562161,-71.3912396,a,b
